timestamp,source_layer,target_layer,method
2026-06-16,SOLAR PV-NOTES,G-ANNO-TEXT,static
2026-06-16,A-ROOF OBSTRUCTIONS,A-BLDG,static
2026-06-16,C-PLANTER,S-SITE,static
2026-06-16,A-BUILDING OUTLINE (N),A-BLDG,static
2026-06-16,S-COLUMN,S-CARPORT,static
2026-06-16,E-NOTES,G-ANNO-TEXT,static
2026-06-16,C-PARKING LINES,S-SITE,static
2026-06-16,G-TEXT,G-ANNO-TEXT,static
2026-06-16,A-BUILDING OUTLINE SECONDARY,A-BLDG,static
2026-06-16,EV-EV CHARGER  L2,EV-EQUIP,static
2026-06-16,EV-EV CHARGER  L3,EV-EQUIP,static
2026-06-16,S-FOUNDATION,S-PAD,static
2026-06-16,S-ROOF RAFTER 3,S-ROOF,static
2026-06-16,S-ROOF RAFTER 2,S-ROOF,static
2026-06-16,A-DIMENSIONS,G-ANNO-DIMS,static
2026-06-16,S-ROOF RAFTER 1,S-ROOF,static
2026-06-16,A-GROUND,S-SITE,static
2026-06-16,E_Module,PV-MODS,static
2026-06-16,E-PV-DIMENSIONS,G-ANNO-DIMS,static
2026-06-16,TEXT,G-ANNO-TEXT,static
2026-06-16,Dim,G-ANNO-DIMS,static
2026-06-16,E_Unistrut,S-DETL,static
2026-06-16,E-STRING-LABELS,E-STRING,static
2026-06-16,E-ANNO-DIMENSIONS,G-ANNO-DIMS,static
2026-06-16,G-ANNO-VIEWPORT,G-VPORT,static
2026-06-16,G-ANNO-DEFPOINTS,Defpoints,static
2026-06-16,A-BLD OUTLINE,A-BLDG,static
2026-06-16,A-PVMT-MRKG,S-SITE,static
2026-06-16,E-PV-EQUIPMENT NEW,E-EQUIP,static
2026-06-16,E-PV-EQUIPMENT EXISTING,E-EQUIP,static
2026-06-16,A-DOOR,A-BLDG,static
2026-06-16,E-PV-STAMP,G-ANNO-STAMP,static
2026-06-16,1,0,static
2026-06-16,E-PV-SINGLE LINE DIAGRAM,E-SLD,static
2026-06-16,E-SINGLE LINE,E-SLD,static
2026-06-16,E_Single Line,E-SLD,static
2026-06-16,E-PV-SINGLE LINE,E-SLD,static
2026-06-16,E-PV-WORKING CLEARANCE,E-CLEARANCE,static
2026-06-16,unistrut,S-DETL,static
2026-06-16,G_VIEWPORT,G-VPORT,static
2026-06-16,E-ANNO-TEXT,G-ANNO-TEXT,static
2026-06-16,A_TEXT,G-ANNO-TEXT,static
2026-06-16,A_Property Line,A-PROP,static
2026-06-16,A_street axis,S-SITE,static
2026-06-16,A_Building,A-BLDG,static
2026-06-16,A_Bld Outline,A-BLDG,static
2026-06-16,A_Door,A-BLDG,static
2026-06-16,Fence,S-SITE,static
2026-06-16,V-PVMT-ROAD,S-SITE,static
2026-06-16,V-PVMT-MRKG,S-SITE,static
2026-06-16,S_Canopy border,S-CARPORT,static
2026-06-16,E_Equipment Existing,E-EQUIP,static
2026-06-16,S-BEAMS,S-CARPORT,static
2026-06-16,E-EQUIPMENT-N,E-EQUIP,static
2026-06-16,E-PV-CLEARANCE,E-CLEARANCE,static
2026-06-16,S_Columns,S-CARPORT,static
2026-06-16,S_Structure Metal,S-CARPORT,static
2026-06-16,E-PV-EQUIPMENT,E-EQUIP,static
2026-06-16,Text Simplex,G-ANNO-TEXT,static
2026-06-16,Viewport,G-VPORT,static
2026-06-16,E_Dimensions,G-ANNO-DIMS,static
2026-06-16,A_Dimensions,G-ANNO-DIMS,static
2026-06-16,G_Text New,G-ANNO-TEXT,static
2026-06-16,A-PROPERTY LINE,A-PROP,static
2026-06-16,S-ANNO-TEXT,G-ANNO-TEXT,static
2026-06-16,E-EQUIPMENT NEW,E-EQUIP,static
2026-06-16,E-WORKING CLEARANCE,E-CLEARANCE,static
2026-06-16,E_Clearance,E-CLEARANCE,static
2026-06-16,TEXT WHITE,G-ANNO-TEXT,static
2026-06-16,G_LAYOUT_TEXT,G-ANNO-STAMP,static
2026-06-16,L-PROP-LINE,A-PROP,static
2026-06-16,6,0,static
2026-06-16,8,0,static
2026-06-16,E-PV-DETAILS,E-DETL,static
2026-06-16,E_Details,E-DETL,static
2026-06-16,G_Text,G-ANNO-TEXT,static
2026-06-16,A-BUILDING,A-BLDG,static
2026-06-16,E_Text,G-ANNO-TEXT,static
2026-06-16,S_Details,S-DETL,static
2026-06-16,S_(E) Purilins SEC,S-ROOF,static
2026-06-16,S_Mount,PV-RACK,static
2026-06-16,E-PV-COLUMNS CARPORT,S-CARPORT,static
2026-06-16,S-COLS,S-CARPORT,static
2026-06-16,E-PV-MODULE,PV-MODS,static
2026-06-16,G_Defpoints,Defpoints,static
2026-06-16,S_Rail,PV-RACK,static
2026-06-16,IR_MOD,PV-MODS,static
2026-06-16,E-STRINGING,E-STRING,static
2026-06-16,PDF_S-CONN,S-DETL,static
2026-06-16,PDF_S-TS,S-DETL,static
2026-06-16,PDF_S-DIM,G-ANNO-DIMS,static
2026-06-16,PDF_S-LGS,S-DETL,static
2026-06-16,PDF_S-STL,S-DETL,static
2026-06-16,PDF_S-EX,S-DETL,static
2026-06-16,E_Equiment New,E-EQUIP,static
2026-06-16,E_Equipment New,E-EQUIP,static
2026-06-16,structure,S-CARPORT,static
2026-06-16,Hatch,G-HATCH,static
2026-06-16,Bld Outline,A-BLDG,static
2026-06-16,S-BEAM,S-CARPORT,static
2026-06-16,S-BEAM-HDLN,S-CARPORT,static
2026-06-16,E-PV MODULES,PV-MODS,static
2026-06-16,E_Conduit run,E-CONDUIT,static
2026-06-16,E_Stringing,E-STRING,static
2026-06-16,G_Drawing Line,Purge,static
2026-06-16,9,0,static
2026-06-16,A_Symbols,G-ANNO-TEXT,static
2026-06-16,Truss,S-CARPORT,static
2026-06-16,racking,PV-RACK,static
2026-06-16,PROPERTY_LINES,A-PROP,static
2026-06-16,OBSTRUCTIONS,A-ROOF-EQUIP,static
2026-06-16,SETBACKS,A-SETB,static
2026-06-16,MODULES,PV-MODS,static
2026-06-16,BUILDINGS,A-BLDG,static
2026-06-16,ARRAY LABEL,G-ANNO-TEXT,static
2026-06-16,PDF2_Geometry,S-CARPORT,static
2026-06-16,PDF2_Solid Fills,G-HATCH,static
2026-06-16,PDF2_Text,G-ANNO-TEXT,static
2026-06-16,PDF3_Layer 1_5,S-CARPORT,static
2026-06-16,PDF4_Geometry,PV-RACK,static
2026-06-16,PDF4_Solid Fills,S-CARPORT,static
2026-06-16,A-SIDE ROADS,S-SITE,static
2026-06-16,E-PV-COND,E-CONDUIT-AC,static
2026-06-16,E-CONDUIT,E-CONDUIT-AC,hard
2026-06-16,A-STREET,S-SITE,hard
2026-06-16,G-TEXT,G-ANNO-TEXT,static
2026-06-16,E-PV-DIMENSIONS,G-ANNO-DIMS,static
2026-06-16,E_Unistrut,S-DETL,static
2026-06-16,E-PV-EQUIPMENT NEW,E-EQUIP,static
2026-06-16,E-ANNO-TEXT,G-ANNO-TEXT,static
2026-06-16,A_Door,A-BLDG,static
2026-06-16,S_Columns,S-CARPORT,static
2026-06-16,S_Structure Metal,S-CARPORT,static
2026-06-16,Viewport,G-VPORT,static
2026-06-16,G_Text New,G-ANNO-TEXT,static
2026-06-16,G_Text,G-ANNO-TEXT,static
2026-06-16,S_Mount,PV-RACK,static
2026-06-16,G_Defpoints,Defpoints,static
2026-06-16,E-STRINGING,E-STRING,static
2026-06-16,OBSTRUCTIONS,A-ROOF-EQUIP,static
2026-06-16,MODULES,PV-MODS,static
2026-06-16,BUILDINGS,A-BLDG,static
2026-06-16,PDF3_Layer 1_5,S-CARPORT,static
2026-06-16,SOLAR PV-NOTES,G-ANNO-TEXT,static
2026-06-16,E-CONDUIT,E-CONDUIT-AC,static
2026-06-16,A-ROOF OBSTRUCTIONS,A-BLDG,static
2026-06-16,C-PLANTER,S-SITE,static
2026-06-16,A-BUILDING OUTLINE (N),A-BLDG,static
2026-06-16,S-COLUMN,S-CARPORT,static
2026-06-16,E-NOTES,G-ANNO-TEXT,static
2026-06-16,C-PARKING LINES,S-SITE,static
2026-06-16,G-TEXT,G-ANNO-TEXT,static
2026-06-16,A-BUILDING OUTLINE SECONDARY,A-BLDG,static
2026-06-16,EV-EV CHARGER  L2,EV-EQUIP,static
2026-06-16,EV-EV CHARGER  L3,EV-EQUIP,static
2026-06-16,S-FOUNDATION,S-PAD,static
2026-06-16,S-ROOF RAFTER 3,S-ROOF,static
2026-06-16,S-ROOF RAFTER 2,S-ROOF,static
2026-06-16,A-DIMENSIONS,G-ANNO-DIMS,static
2026-06-16,S-ROOF RAFTER 1,S-ROOF,static
2026-06-16,A-GROUND,S-SITE,static
2026-06-16,E_Module,PV-MODS,static
2026-06-16,E-PV-DIMENSIONS,G-ANNO-DIMS,static
2026-06-16,TEXT,G-ANNO-TEXT,static
2026-06-16,Dim,G-ANNO-DIMS,static
2026-06-16,E_Unistrut,S-DETL,static
2026-06-16,E-STRING-LABELS,E-STRING,static
2026-06-16,E-ANNO-DIMENSIONS,G-ANNO-DIMS,static
2026-06-16,G-ANNO-VIEWPORT,G-VPORT,static
2026-06-16,G-ANNO-DEFPOINTS,Defpoints,static
2026-06-16,A-BLD OUTLINE,A-BLDG,static
2026-06-16,A-PVMT-MRKG,S-SITE,static
2026-06-16,E-PV-EQUIPMENT NEW,E-EQUIP,static
2026-06-16,E-PV-EQUIPMENT EXISTING,E-EQUIP,static
2026-06-16,A-DOOR,A-BLDG,static
2026-06-16,A-STREET,S-SITE,static
2026-06-16,E-PV-STAMP,G-ANNO-STAMP,static
2026-06-16,1,0,static
2026-06-16,E-PV-SINGLE LINE DIAGRAM,E-SLD,static
2026-06-16,E-SINGLE LINE,E-SLD,static
2026-06-16,E_Single Line,E-SLD,static
2026-06-16,E-PV-SINGLE LINE,E-SLD,static
2026-06-16,E-PV-WORKING CLEARANCE,E-CLEARANCE,static
2026-06-16,unistrut,S-DETL,static
2026-06-16,G_VIEWPORT,G-VPORT,static
2026-06-16,E-ANNO-TEXT,G-ANNO-TEXT,static
2026-06-16,A_TEXT,G-ANNO-TEXT,static
2026-06-16,A_Property Line,A-PROP,static
2026-06-16,A_street axis,S-SITE,static
2026-06-16,A_Building,A-BLDG,static
2026-06-16,A_Bld Outline,A-BLDG,static
2026-06-16,A_Door,A-BLDG,static
2026-06-16,Fence,S-SITE,static
2026-06-16,V-PVMT-ROAD,S-SITE,static
2026-06-16,V-PVMT-MRKG,S-SITE,static
2026-06-16,S_Canopy border,S-CARPORT,static
2026-06-16,E_Equipment Existing,E-EQUIP,static
2026-06-16,S-BEAMS,S-CARPORT,static
2026-06-16,E-EQUIPMENT-N,E-EQUIP,static
2026-06-16,E-PV-CLEARANCE,E-CLEARANCE,static
2026-06-16,S_Columns,S-CARPORT,static
2026-06-16,S_Structure Metal,S-CARPORT,static
2026-06-16,E-PV-EQUIPMENT,E-EQUIP,static
2026-06-16,Text Simplex,G-ANNO-TEXT,static
2026-06-16,Viewport,G-VPORT,static
2026-06-16,E_Dimensions,G-ANNO-DIMS,static
2026-06-16,A_Dimensions,G-ANNO-DIMS,static
2026-06-16,G_Text New,G-ANNO-TEXT,static
2026-06-16,A-PROPERTY LINE,A-PROP,static
2026-06-16,S-ANNO-TEXT,G-ANNO-TEXT,static
2026-06-16,E-EQUIPMENT NEW,E-EQUIP,static
2026-06-16,E-WORKING CLEARANCE,E-CLEARANCE,static
2026-06-16,E_Clearance,E-CLEARANCE,static
2026-06-16,TEXT WHITE,G-ANNO-TEXT,static
2026-06-16,G_LAYOUT_TEXT,G-ANNO-STAMP,static
2026-06-16,L-PROP-LINE,A-PROP,static
2026-06-16,6,0,static
2026-06-16,8,0,static
2026-06-16,E-PV-DETAILS,E-DETL,static
2026-06-16,E_Details,E-DETL,static
2026-06-16,G_Text,G-ANNO-TEXT,static
2026-06-16,A-BUILDING,A-BLDG,static
2026-06-16,E_Text,G-ANNO-TEXT,static
2026-06-16,S_Details,S-DETL,static
2026-06-16,S_(E) Purilins SEC,S-ROOF,static
2026-06-16,S_Mount,PV-RACK,static
2026-06-16,E-PV-COLUMNS CARPORT,S-CARPORT,static
2026-06-16,S-COLS,S-CARPORT,static
2026-06-16,E-PV-MODULE,PV-MODS,static
2026-06-16,G_Defpoints,Defpoints,static
2026-06-16,S_Rail,PV-RACK,static
2026-06-16,IR_MOD,PV-MODS,static
2026-06-16,E-STRINGING,E-STRING,static
2026-06-16,PDF_S-CONN,S-DETL,static
2026-06-16,PDF_S-TS,S-DETL,static
2026-06-16,PDF_S-DIM,G-ANNO-DIMS,static
2026-06-16,PDF_S-LGS,S-DETL,static
2026-06-16,PDF_S-STL,S-DETL,static
2026-06-16,PDF_S-EX,S-DETL,static
2026-06-16,E_Equiment New,E-EQUIP,static
2026-06-16,E_Equipment New,E-EQUIP,static
2026-06-16,structure,S-CARPORT,static
2026-06-16,Hatch,G-HATCH,static
2026-06-16,Bld Outline,A-BLDG,static
2026-06-16,S-BEAM,S-CARPORT,static
2026-06-16,S-BEAM-HDLN,S-CARPORT,static
2026-06-16,E-PV MODULES,PV-MODS,static
2026-06-16,E_Conduit run,E-CONDUIT,static
2026-06-16,E_Stringing,E-STRING,static
2026-06-16,G_Drawing Line,Purge,static
2026-06-16,9,E-SLD,static
2026-06-16,A_Symbols,G-ANNO-TEXT,static
2026-06-16,Truss,S-CARPORT,static
2026-06-16,racking,PV-RACK,static
2026-06-16,PROPERTY_LINES,A-PROP,static
2026-06-16,OBSTRUCTIONS,S-SITE,static
2026-06-16,SETBACKS,A-SETB,static
2026-06-16,MODULES,PV-MODS,static
2026-06-16,BUILDINGS,A-BLDG,static
2026-06-16,ARRAY LABEL,G-ANNO-TEXT,static
2026-06-16,PDF2_Geometry,S-CARPORT,static
2026-06-16,PDF2_Solid Fills,G-HATCH,static
2026-06-16,PDF2_Text,G-ANNO-TEXT,static
2026-06-16,PDF3_Layer 1_5,S-CARPORT,static
2026-06-16,PDF4_Geometry,PV-RACK,static
2026-06-16,PDF4_Solid Fills,S-CARPORT,static
2026-06-16,A-SIDE ROADS,S-SITE,static
2026-06-16,E-PV-COND,E-CONDUIT-AC,static
2026-06-16,G-TEXT,G-ANNO-TEXT,static
2026-06-16,E-PV-EQUIPMENT NEW,E-EQUIP,static
2026-06-16,E-ANNO-TEXT,G-ANNO-TEXT,static
2026-06-16,Viewport,G-VPORT,static
2026-06-16,G-TEXT,G-ANNO-TEXT,static
2026-06-16,E-PV-EQUIPMENT NEW,E-EQUIP,static
2026-06-16,E-ANNO-TEXT,G-ANNO-TEXT,static
2026-06-16,Viewport,G-VPORT,static
2026-06-16,G-TEXT,G-ANNO-TEXT,static
2026-06-16,E-PV-EQUIPMENT NEW,E-EQUIP,static
2026-06-16,E-ANNO-TEXT,G-ANNO-TEXT,static
2026-06-16,Viewport,G-VPORT,static
2026-06-16,G-TEXT,G-ANNO-TEXT,static
2026-06-16,E-PV-EQUIPMENT NEW,E-EQUIP,static
2026-06-16,E-ANNO-TEXT,G-ANNO-TEXT,static
2026-06-16,Viewport,G-VPORT,static
2026-06-16,G-TEXT,G-ANNO-TEXT,static
2026-06-16,E-PV-EQUIPMENT NEW,E-EQUIP,static
2026-06-16,E-ANNO-TEXT,G-ANNO-TEXT,static
2026-06-16,Viewport,G-VPORT,static
2026-06-16,G-TEXT,G-ANNO-TEXT,static
2026-06-16,E-PV-EQUIPMENT NEW,E-EQUIP,static
2026-06-16,E-ANNO-TEXT,G-ANNO-TEXT,static
2026-06-16,Viewport,G-VPORT,static
2026-06-16,G-TEXT,G-ANNO-TEXT,static
2026-06-16,E-ANNO-TEXT,G-ANNO-TEXT,static
2026-06-17,SOLAR PV-NOTES,G-ANNO-TEXT,static
2026-06-17,S-ROOF FRAMING (E),S-ROOF,static
2026-06-17,C-CURB-GUTTER-WIDEWALK,S-SITE,static
2026-06-17,E-DETAILS,E-DETL,static
2026-06-17,E-CARPORT,S-CARPORT,static
2026-06-17,E-EQUIPMENT,E-EQUIP,static
2026-06-17,E-CONDUIT RUN,E-CONDUIT,static
2026-06-17,A-BUILDING OUTLINE (E),A-BLDG,static
2026-06-17,E-UNDERGROUND CONDUIT,E-CONDUIT-AC,static
2026-06-17,G-VIEWPORT,G-VPORT,static
2026-06-17,A-ROOF OBSTRUCTIONS,A-BLDG,static
2026-06-17,C-PLANTER,S-SITE,static
2026-06-17,E-REV,G-ANNO-REVS,static
2026-06-17,A-BUILDING OUTLINE (N),A-BLDG,static
2026-06-17,E-DIMENSIONS,G-ANNO-DIMS,static
2026-06-17,S-COLUMN,S-CARPORT,static
2026-06-17,SOLAR PV-MODULES LAYOUT,PV-MODS,static
2026-06-17,EV-EV CHARGER EQUIPMENT,EV-EQUIP,static
2026-06-17,E-STAMP,G-ANNO-STAMP,static
2026-06-17,E-NOTES,G-ANNO-TEXT,static
2026-06-17,SOLAR PV-RACKING,PV-RACK,static
2026-06-17,C-PARKING LINES,S-SITE,static
2026-06-17,A-FIRE SETBACK,A-SETB,static
2026-06-17,G-TEXT,G-ANNO-TEXT,static
2026-06-17,A-BUILDING OUTLINE SECONDARY,A-BLDG,static
2026-06-17,C-PARCEL LINE - PROPERTY LINE,A-PROP,static
2026-06-17,SOLAR PV-STRINGING,E-STRING,static
2026-06-17,EV-EV CHARGER  L2,EV-EQUIP,static
2026-06-17,EV-EV CHARGER  L3,EV-EQUIP,static
2026-06-17,S-FOUNDATION,S-PAD,static
2026-06-17,S-ROOF RAFTER 3,S-ROOF,static
2026-06-17,S-DETAILS,S-DETL,static
2026-06-17,S-ROOF RAFTER 2,S-ROOF,static
2026-06-17,A-DIMENSIONS,G-ANNO-DIMS,static
2026-06-17,S-ROOF RAFTER 1,S-ROOF,static
2026-06-17,A-GROUND,S-SITE,static
2026-06-17,E_Module,PV-MODS,static
2026-06-17,E-PV-DIMENSIONS,G-ANNO-DIMS,static
2026-06-17,TEXT,G-ANNO-TEXT,static
2026-06-17,Dim,G-ANNO-DIMS,static
2026-06-17,E_Unistrut,S-DETL,static
2026-06-17,E_LEGEND,G-ANNO-LGND,static
2026-06-17,E-STRING-LABELS,E-STRING,static
2026-06-17,E-ANNO-DIMENSIONS,G-ANNO-DIMS,static
2026-06-17,G-ANNO-VIEWPORT,G-VPORT,static
2026-06-17,G-ANNO-DEFPOINTS,Defpoints,static
2026-06-17,A-BLD OUTLINE,A-BLDG,static
2026-06-17,A-PVMT-MRKG,S-SITE,static
2026-06-17,E-PV-EQUIPMENT NEW,E-EQUIP,static
2026-06-17,E-PV-EQUIPMENT EXISTING,E-EQUIP,static
2026-06-17,A-DOOR,A-BLDG,static
2026-06-17,A-STREET,S-SITE,static
2026-06-17,E-PV-STAMP,G-ANNO-STAMP,static
2026-06-17,1,0,static
2026-06-17,E-PV-SINGLE LINE DIAGRAM,E-SLD,static
2026-06-17,E-SINGLE LINE,E-SLD,static
2026-06-17,E_Single Line,E-SLD,static
2026-06-17,E-PV-SINGLE LINE,E-SLD,static
2026-06-17,E-PV-WORKING CLEARANCE,E-CLEARANCE,static
2026-06-17,unistrut,S-DETL,static
2026-06-17,G_VIEWPORT,G-VPORT,static
2026-06-17,E-ANNO-TEXT,G-ANNO-TEXT,static
2026-06-17,A_TEXT,G-ANNO-TEXT,static
2026-06-17,A_Property Line,A-PROP,static
2026-06-17,A_street axis,S-SITE,static
2026-06-17,A_Building,A-BLDG,static
2026-06-17,A_Bld Outline,A-BLDG,static
2026-06-17,A_Obstructions,A-ROOF-EQUIP,static
2026-06-17,A_Wall,A-WALL,static
2026-06-17,A_Door,A-BLDG,static
2026-06-17,Fence,S-SITE,static
2026-06-17,A_Roof lines,A-ROOF,static
2026-06-17,V-PVMT-ROAD,S-SITE,static
2026-06-17,V-PVMT-MRKG,S-SITE,static
2026-06-17,S_Canopy border,S-CARPORT,static
2026-06-17,E_Equipment Existing,E-EQUIP,static
2026-06-17,S-BEAMS,S-CARPORT,static
2026-06-17,E-EQUIPMENT-N,E-EQUIP,static
2026-06-17,E-PV-CLEARANCE,E-CLEARANCE,static
2026-06-17,S_Columns,S-CARPORT,static
2026-06-17,S_Structure Metal,S-CARPORT,static
2026-06-17,E-PV-EQUIPMENT,E-EQUIP,static
2026-06-17,Text Simplex,G-ANNO-TEXT,static
2026-06-17,Viewport,G-VPORT,static
2026-06-17,E_Dimensions,G-ANNO-DIMS,static
2026-06-17,A_Dimensions,G-ANNO-DIMS,static
2026-06-17,G_Text New,G-ANNO-TEXT,static
2026-06-17,A-PROPERTY LINE,A-PROP,static
2026-06-17,S-ANNO-TEXT,G-ANNO-TEXT,static
2026-06-17,A_Fire access,A-FIRE,static
2026-06-17,E-EQUIPMENT NEW,E-EQUIP,static
2026-06-17,E-WORKING CLEARANCE,E-CLEARANCE,static
2026-06-17,E_Clearance,E-CLEARANCE,static
2026-06-17,TEXT WHITE,G-ANNO-TEXT,static
2026-06-17,G_LAYOUT_TEXT,G-ANNO-STAMP,static
2026-06-17,L-PROP-LINE,A-PROP,static
2026-06-17,6,0,static
2026-06-17,8,0,static
2026-06-17,E-PV-DETAILS,E-DETL,static
2026-06-17,E_Details,E-DETL,static
2026-06-17,G_Text,G-ANNO-TEXT,static
2026-06-17,A-BUILDING,A-BLDG,static
2026-06-17,E_Text,G-ANNO-TEXT,static
2026-06-17,S_Details,S-DETL,static
2026-06-17,S_(E) Purilins SEC,S-ROOF,static
2026-06-17,S_Mount,PV-RACK,static
2026-06-17,E-PV-COLUMNS CARPORT,S-CARPORT,static
2026-06-17,S-COLS,S-CARPORT,static
2026-06-17,E-PV-MODULE,PV-MODS,static
2026-06-17,G_Defpoints,Defpoints,static
2026-06-17,S_Rail,PV-RACK,static
2026-06-17,IR_MOD,PV-MODS,static
2026-06-17,G_White,Purge,static
2026-06-17,E-STRINGING,E-STRING,static
2026-06-17,PDF_S-CONN,S-DETL,static
2026-06-17,PDF_S-TS,S-DETL,static
2026-06-17,PDF_S-HAT,G-HATCH,static
2026-06-17,PDF_S-DIM,G-ANNO-DIMS,static
2026-06-17,PDF_S-LGS,S-DETL,static
2026-06-17,PDF_S-STL,S-DETL,static
2026-06-17,PDF_S-EX,S-DETL,static
2026-06-17,E_Equiment New,E-EQUIP,static
2026-06-17,E_Equipment New,E-EQUIP,static
2026-06-17,structure,S-CARPORT,static
2026-06-17,Hatch,G-HATCH,static
2026-06-17,Bld Outline,A-BLDG,static
2026-06-17,S-BEAM,S-CARPORT,static
2026-06-17,S-BEAM-HDLN,S-CARPORT,static
2026-06-17,E-PV MODULES,PV-MODS,static
2026-06-17,E_Conduit run,E-CONDUIT,static
2026-06-17,E_Stringing,E-STRING,static
2026-06-17,G_Drawing Line,Purge,static
2026-06-17,9,E-SLD,static
2026-06-17,A_Symbols,G-ANNO-TEXT,static
2026-06-17,Truss,S-CARPORT,static
2026-06-17,racking,PV-RACK,static
2026-06-17,PROPERTY_LINES,A-PROP,static
2026-06-17,OBSTRUCTIONS,S-SITE,static
2026-06-17,SETBACKS,A-SETB,static
2026-06-17,MODULES,PV-MODS,static
2026-06-17,BUILDINGS,A-BLDG,static
2026-06-17,IMG,G-REFS,static
2026-06-17,ARRAY LABEL,G-ANNO-TEXT,static
2026-06-17,PDF2_Geometry,S-CARPORT,static
2026-06-17,PDF2_Solid Fills,G-HATCH,static
2026-06-17,PDF2_Text,G-ANNO-TEXT,static
2026-06-17,PDF3_Layer 1_5,S-CARPORT,static
2026-06-17,PDF4_Geometry,PV-RACK,static
2026-06-17,PDF4_Solid Fills,S-CARPORT,static
2026-06-17,A-SIDE ROADS,S-SITE,static
2026-06-17,E-PV-COND,E-CONDUIT-AC,static
2026-06-17,SOLAR PV-NOTES,G-ANNO-TEXT,static
2026-06-17,S-ROOF FRAMING (E),S-ROOF,static
2026-06-17,C-CURB-GUTTER-WIDEWALK,S-SITE,static
2026-06-17,E-DETAILS,E-DETL,static
2026-06-17,E-CARPORT,S-CARPORT,static
2026-06-17,E-EQUIPMENT,E-EQUIP,static
2026-06-17,E-CONDUIT RUN,E-CONDUIT,static
2026-06-17,A-BUILDING OUTLINE (E),A-BLDG,static
2026-06-17,E-UNDERGROUND CONDUIT,E-CONDUIT-AC,static
2026-06-17,G-VIEWPORT,G-VPORT,static
2026-06-17,A-ROOF OBSTRUCTIONS,A-BLDG,static
2026-06-17,C-PLANTER,S-SITE,static
2026-06-17,E-REV,G-ANNO-REVS,static
2026-06-17,A-BUILDING OUTLINE (N),A-BLDG,static
2026-06-17,E-DIMENSIONS,G-ANNO-DIMS,static
2026-06-17,S-COLUMN,S-CARPORT,static
2026-06-17,SOLAR PV-MODULES LAYOUT,PV-MODS,static
2026-06-17,EV-EV CHARGER EQUIPMENT,EV-EQUIP,static
2026-06-17,E-STAMP,G-ANNO-STAMP,static
2026-06-17,E-NOTES,G-ANNO-TEXT,static
2026-06-17,SOLAR PV-RACKING,PV-RACK,static
2026-06-17,C-PARKING LINES,S-SITE,static
2026-06-17,A-FIRE SETBACK,A-SETB,static
2026-06-17,G-TEXT,G-ANNO-TEXT,static
2026-06-17,A-BUILDING OUTLINE SECONDARY,A-BLDG,static
2026-06-17,C-PARCEL LINE - PROPERTY LINE,A-PROP,static
2026-06-17,EV-EV CHARGER  L2,EV-EQUIP,static
2026-06-17,EV-EV CHARGER  L3,EV-EQUIP,static
2026-06-17,S-FOUNDATION,S-PAD,static
2026-06-17,S-ROOF RAFTER 3,S-ROOF,static
2026-06-17,S-DETAILS,S-DETL,static
2026-06-17,S-ROOF RAFTER 2,S-ROOF,static
2026-06-17,A-DIMENSIONS,G-ANNO-DIMS,static
2026-06-17,S-ROOF RAFTER 1,S-ROOF,static
2026-06-17,A-GROUND,S-SITE,static
2026-06-17,E_Module,PV-MODS,static
2026-06-17,E-PV-DIMENSIONS,G-ANNO-DIMS,static
2026-06-17,TEXT,G-ANNO-TEXT,static
2026-06-17,Dim,G-ANNO-DIMS,static
2026-06-17,E_Unistrut,S-DETL,static
2026-06-17,E-PV-CONDUIT,E-CONDUIT,static
2026-06-17,E-ANNO-DIMENSIONS,G-ANNO-DIMS,static
2026-06-17,G-ANNO-VIEWPORT,G-VPORT,static
2026-06-17,G-ANNO-DEFPOINTS,Defpoints,static
2026-06-17,E-PV-EQUIPMENT NEW,E-EQUIP,static
2026-06-17,1,0,static
2026-06-17,E_Single Line,E-SLD,static
2026-06-17,E-PV-WORKING CLEARANCE,E-CLEARANCE,static
2026-06-17,unistrut,S-DETL,static
2026-06-17,G_VIEWPORT,G-VPORT,static
2026-06-17,E-ANNO-TEXT,G-ANNO-TEXT,static
2026-06-17,A_TEXT,G-ANNO-TEXT,static
2026-06-17,A_street axis,S-SITE,static
2026-06-17,A_Bld Outline,A-BLDG,static
2026-06-17,A_Obstructions,A-ROOF-EQUIP,static
2026-06-17,A_Wall,A-WALL,static
2026-06-17,A_Door,A-BLDG,static
2026-06-17,A_Roof lines,A-ROOF,static
2026-06-17,V-PVMT-ROAD,S-SITE,static
2026-06-17,V-PVMT-MRKG,S-SITE,static
2026-06-17,S_Canopy border,S-CARPORT,static
2026-06-17,E_Equipment Existing,E-EQUIP,static
2026-06-17,S-BEAMS,S-CARPORT,static
2026-06-17,S_Columns,S-CARPORT,static
2026-06-17,S_Structure Metal,S-CARPORT,static
2026-06-17,E-PV-EQUIPMENT,E-EQUIP,static
2026-06-17,Text Simplex,G-ANNO-TEXT,static
2026-06-17,Viewport,G-VPORT,static
2026-06-17,A_Dimensions,G-ANNO-DIMS,static
2026-06-17,G_Text New,G-ANNO-TEXT,static
2026-06-17,S-ANNO-TEXT,G-ANNO-TEXT,static
2026-06-17,E-EQUIPMENT NEW,E-EQUIP,static
2026-06-17,E-WORKING CLEARANCE,E-CLEARANCE,static
2026-06-17,E_Clearance,E-CLEARANCE,static
2026-06-17,8,0,static
2026-06-17,E-PV-DETAILS,E-DETL,static
2026-06-17,E_Details,E-DETL,static
2026-06-17,G_Text,G-ANNO-TEXT,static
2026-06-17,A-BUILDING,A-BLDG,static
2026-06-17,S_Details,S-DETL,static
2026-06-17,S_(E) Purilins SEC,S-ROOF,static
2026-06-17,S_Mount,PV-RACK,static
2026-06-17,G_Defpoints,Defpoints,static
2026-06-17,S_Rail,PV-RACK,static
2026-06-17,IR_MOD,PV-MODS,static
2026-06-17,E-STRINGING,E-STRING,static
2026-06-17,E_Equiment New,E-EQUIP,static
2026-06-17,S-BEAM,S-CARPORT,static
2026-06-17,S-BEAM-HDLN,S-CARPORT,static
2026-06-17,E-PV MODULES,PV-MODS,static
2026-06-17,E_Stringing,E-STRING,static
2026-06-17,9,E-SLD,static
2026-06-17,racking,PV-RACK,static
2026-06-17,PROPERTY_LINES,A-PROP,static
2026-06-17,OBSTRUCTIONS,S-SITE,static
2026-06-17,SETBACKS,A-SETB,static
2026-06-17,MODULES,PV-MODS,static
2026-06-17,BUILDINGS,A-BLDG,static
2026-06-17,ARRAY LABEL,G-ANNO-TEXT,static
2026-06-17,PDF2_Geometry,S-CARPORT,static
2026-06-17,PDF2_Solid Fills,G-HATCH,static
2026-06-17,PDF2_Text,G-ANNO-TEXT,static
2026-06-17,PDF3_Layer 1_5,S-CARPORT,static
2026-06-17,PDF4_Geometry,PV-RACK,static
2026-06-17,PDF4_Solid Fills,S-CARPORT,static
2026-06-17,E-CONDUIT,E-CONDUIT-AC,static
2026-06-17,G-TEXT,G-ANNO-TEXT,static
2026-06-17,A-WALL,S-SITE,static
2026-06-17,E-ANNO-TEXT,G-ANNO-TEXT,static
2026-06-17,S-ROOF FRAMING (E),S-ROOF,static
2026-06-17,G-TEXT,G-ANNO-TEXT,static
2026-06-17,E-ANNO-TEXT,G-ANNO-TEXT,static
2026-06-17,G-TEXT,G-ANNO-TEXT,static
2026-06-17,E-ANNO-TEXT,G-ANNO-TEXT,static
2026-06-17,G-TEXT,G-ANNO-TEXT,static
2026-06-17,E-ANNO-TEXT,G-ANNO-TEXT,static
2026-06-17,E-STRING,E-STRINGS,static
2026-06-17,G-ANNO-LABELS,G-LABELS,static
2026-06-17,G-TEXT,G-ANNO-TEXT,static
2026-06-17,A-STREET,S-SITE,static
2026-06-17,E-STRINGING,E-STRINGS,static
2026-06-17,E-ANNO-TEXT,G-ANNO-TEXT,static
2026-06-17,E_Module,PV-MODS,static
2026-06-17,Text Simplex,G-ANNO-TEXT,static
2026-06-17,A_Dimensions,G-ANNO-DIMS,static
2026-06-17,G_Text New,G-ANNO-TEXT,static
2026-06-17,E_Stringing,E-STRINGS,static
2026-06-17,9,E-SLD,static
2026-06-17,G-TEXT,G-ANNO-TEXT,static
2026-06-17,E-STRINGING,E-STRINGS,static
2026-06-17,9,E-SLD,static
2026-06-17,SOLAR PV-NOTES,G-ANNO-TEXT,static
2026-06-17,S-ROOF FRAMING (E),S-ROOF,static
2026-06-17,C-CURB-GUTTER-WIDEWALK,S-SITE,static
2026-06-17,E-DETAILS,E-DETL,static
2026-06-17,E-CARPORT,S-CARPORT,static
2026-06-17,E-EQUIPMENT,E-EQUIP,static
2026-06-17,E-CONDUIT RUN,E-CONDUIT,static
2026-06-17,A-BUILDING OUTLINE (E),A-BLDG,static
2026-06-17,E-UNDERGROUND CONDUIT,E-CONDUIT-AC,static
2026-06-17,G-VIEWPORT,G-VPORT,static
2026-06-17,A-ROOF OBSTRUCTIONS,A-BLDG,static
2026-06-17,C-PLANTER,S-SITE,static
2026-06-17,E-REV,G-ANNO-REVS,static
2026-06-17,A-BUILDING OUTLINE (N),A-BLDG,static
2026-06-17,E-DIMENSIONS,G-ANNO-DIMS,static
2026-06-17,S-COLUMN,S-CARPORT,static
2026-06-17,SOLAR PV-MODULES LAYOUT,PV-MODS,static
2026-06-17,EV-EV CHARGER EQUIPMENT,EV-EQUIP,static
2026-06-17,E-STAMP,G-ANNO-STAMP,static
2026-06-17,E-NOTES,G-ANNO-TEXT,static
2026-06-17,SOLAR PV-RACKING,PV-RACK,static
2026-06-17,C-PARKING LINES,S-SITE,static
2026-06-17,A-FIRE SETBACK,A-SETB,static
2026-06-17,G-TEXT,G-ANNO-TEXT,static
2026-06-17,A-BUILDING OUTLINE SECONDARY,A-BLDG,static
2026-06-17,C-PARCEL LINE - PROPERTY LINE,A-PROP,static
2026-06-17,SOLAR PV-STRINGING,E-STRINGS,static
2026-06-17,EV-EV CHARGER  L2,EV-EQUIP,static
2026-06-17,EV-EV CHARGER  L3,EV-EQUIP,static
2026-06-17,S-FOUNDATION,S-PAD,static
2026-06-17,S-ROOF RAFTER 3,S-ROOF,static
2026-06-17,S-DETAILS,S-DETL,static
2026-06-17,S-ROOF RAFTER 2,S-ROOF,static
2026-06-17,A-DIMENSIONS,G-ANNO-DIMS,static
2026-06-17,S-ROOF RAFTER 1,S-ROOF,static
2026-06-17,A-GROUND,S-SITE,static
2026-06-17,E_Module,PV-MODS,static
2026-06-17,E-PV-DIMENSIONS,G-ANNO-DIMS,static
2026-06-17,TEXT,G-ANNO-TEXT,static
2026-06-17,Dim,G-ANNO-DIMS,static
2026-06-17,E_Unistrut,S-DETL,static
2026-06-17,E_LEGEND,G-ANNO-LGND,static
2026-06-17,E-PV-CONDUIT,E-CONDUIT,static
2026-06-17,E-ANNO-DIMENSIONS,G-ANNO-DIMS,static
2026-06-17,G-ANNO-VIEWPORT,G-VPORT,static
2026-06-17,G-ANNO-DEFPOINTS,Defpoints,static
2026-06-17,A-BLD OUTLINE,A-BLDG,static
2026-06-17,A-PVMT-MRKG,S-SITE,static
2026-06-17,E-PV-EQUIPMENT NEW,E-EQUIP,static
2026-06-17,E-PV-EQUIPMENT EXISTING,E-EQUIP,static
2026-06-17,A-DOOR,A-BLDG,static
2026-06-17,A-STREET AXIS,S-SITE,static
2026-06-17,E-PV-STAMP,G-ANNO-STAMP,static
2026-06-17,1,0,static
2026-06-17,E-PV-SINGLE LINE DIAGRAM,E-SLD,static
2026-06-17,E-SINGLE LINE,E-SLD,static
2026-06-17,E_Single Line,E-SLD,static
2026-06-17,E-PV-SINGLE LINE,E-SLD,static
2026-06-17,E-PV-WORKING CLEARANCE,E-CLEARANCE,static
2026-06-17,unistrut,S-DETL,static
2026-06-17,G_VIEWPORT,G-VPORT,static
2026-06-17,E-ANNO-TEXT,G-ANNO-TEXT,static
2026-06-17,A_TEXT,G-ANNO-TEXT,static
2026-06-17,A_Property Line,A-PROP,static
2026-06-17,A_street axis,S-SITE,static
2026-06-17,A_Building,A-BLDG,static
2026-06-17,A_Bld Outline,A-BLDG,static
2026-06-17,A_Obstructions,A-ROOF-EQUIP,static
2026-06-17,A_Wall,A-WALL,static
2026-06-17,A_Door,A-BLDG,static
2026-06-17,Fence,S-SITE,static
2026-06-17,A_Roof lines,A-ROOF,static
2026-06-17,V-PVMT-ROAD,S-SITE,static
2026-06-17,V-PVMT-MRKG,S-SITE,static
2026-06-17,S_Canopy border,S-CARPORT,static
2026-06-17,E_Equipment Existing,E-EQUIP,static
2026-06-17,S-BEAMS,S-CARPORT,static
2026-06-17,E-EQUIPMENT-N,E-EQUIP,static
2026-06-17,E-PV-CLEARANCE,E-CLEARANCE,static
2026-06-17,S_Columns,S-CARPORT,static
2026-06-17,S_Structure Metal,S-CARPORT,static
2026-06-17,E-PV-EQUIPMENT,E-EQUIP,static
2026-06-17,Text Simplex,G-ANNO-TEXT,static
2026-06-17,Viewport,G-VPORT,static
2026-06-17,E_Dimensions,G-ANNO-DIMS,static
2026-06-17,A_Dimensions,G-ANNO-DIMS,static
2026-06-17,G_Text New,G-ANNO-TEXT,static
2026-06-17,A-PROPERTY LINE,A-PROP,static
2026-06-17,S-ANNO-TEXT,G-ANNO-TEXT,static
2026-06-17,A_Fire access,A-FIRE,static
2026-06-17,E-EQUIPMENT NEW,E-EQUIP,static
2026-06-17,E-WORKING CLEARANCE,E-CLEARANCE,static
2026-06-17,E_Clearance,E-CLEARANCE,static
2026-06-17,TEXT WHITE,G-ANNO-TEXT,static
2026-06-17,G_LAYOUT_TEXT,G-ANNO-STAMP,static
2026-06-17,L-PROP-LINE,A-PROP,static
2026-06-17,6,0,static
2026-06-17,8,0,static
2026-06-17,E-PV-DETAILS,E-DETL,static
2026-06-17,E_Details,E-DETL,static
2026-06-17,G_Text,G-ANNO-TEXT,static
2026-06-17,A-BUILDING,A-BLDG,static
2026-06-17,E_Text,G-ANNO-TEXT,static
2026-06-17,S_Details,S-DETL,static
2026-06-17,S_(E) Purilins SEC,S-ROOF,static
2026-06-17,S_Mount,PV-RACK,static
2026-06-17,E-PV-COLUMNS CARPORT,S-CARPORT,static
2026-06-17,S-COLS,S-CARPORT,static
2026-06-17,E-PV-MODULE,PV-MODS,static
2026-06-17,G_Defpoints,Defpoints,static
2026-06-17,S_Rail,PV-RACK,static
2026-06-17,IR_MOD,PV-MODS,static
2026-06-17,G_White,Purge,static
2026-06-17,E-STRINGING,E-STRINGS,static
2026-06-17,PDF_S-CONN,S-DETL,static
2026-06-17,PDF_S-TS,S-DETL,static
2026-06-17,PDF_S-HAT,G-HATCH,static
2026-06-17,PDF_S-DIM,G-ANNO-DIMS,static
2026-06-17,PDF_S-LGS,S-DETL,static
2026-06-17,PDF_S-STL,S-DETL,static
2026-06-17,PDF_S-EX,S-DETL,static
2026-06-17,E_Equiment New,E-EQUIP,static
2026-06-17,E_Equipment New,E-EQUIP,static
2026-06-17,structure,S-CARPORT,static
2026-06-17,Hatch,G-HATCH,static
2026-06-17,Bld Outline,A-BLDG,static
2026-06-17,S-BEAM,S-CARPORT,static
2026-06-17,S-BEAM-HDLN,S-CARPORT,static
2026-06-17,E-PV MODULES,PV-MODS,static
2026-06-17,E_Conduit run,E-CONDUIT,static
2026-06-17,E_Stringing,E-STRINGS,static
2026-06-17,G_Drawing Line,Purge,static
2026-06-17,9,E-SLD,static
2026-06-17,A_Symbols,G-ANNO-TEXT,static
2026-06-17,Truss,S-CARPORT,static
2026-06-17,racking,PV-RACK,static
2026-06-17,PROPERTY_LINES,A-PROP,static
2026-06-17,OBSTRUCTIONS,S-SITE,static
2026-06-17,SETBACKS,A-SETB,static
2026-06-17,MODULES,PV-MODS,static
2026-06-17,BUILDINGS,A-BLDG,static
2026-06-17,IMG,G-REFS,static
2026-06-17,ARRAY LABEL,G-ANNO-TEXT,static
2026-06-17,PDF2_Geometry,S-CARPORT,static
2026-06-17,PDF2_Solid Fills,G-HATCH,static
2026-06-17,PDF2_Text,G-ANNO-TEXT,static
2026-06-17,PDF3_Layer 1_5,S-CARPORT,static
2026-06-17,PDF4_Geometry,PV-RACK,static
2026-06-17,PDF4_Solid Fills,S-CARPORT,static
2026-06-17,PDF4_Text,G-ANNO-TEXT,static
2026-06-18,SOLAR PV-NOTES,G-ANNO-TEXT,static
2026-06-18,S-ROOF FRAMING (E),S-ROOF,static
2026-06-18,C-CURB-GUTTER-WIDEWALK,S-SITE,static
2026-06-18,E-DETAILS,E-DETL,static
2026-06-18,E-CARPORT,S-CARPORT,static
2026-06-18,E-EQUIPMENT,E-EQUIP,static
2026-06-18,E-CONDUIT RUN,E-CONDUIT,static
2026-06-18,A-BUILDING OUTLINE (E),A-BLDG,static
2026-06-18,E-UNDERGROUND CONDUIT,E-CONDUIT-AC,static
2026-06-18,G-VIEWPORT,G-VPORT,static
2026-06-18,A-ROOF OBSTRUCTIONS,A-BLDG,static
2026-06-18,C-PLANTER,S-SITE,static
2026-06-18,E-REV,G-ANNO-REVS,static
2026-06-18,A-BUILDING OUTLINE (N),A-BLDG,static
2026-06-18,E-DIMENSIONS,G-ANNO-DIMS,static
2026-06-18,S-COLUMN,S-CARPORT,static
2026-06-18,SOLAR PV-MODULES LAYOUT,PV-MODS,static
2026-06-18,EV-EV CHARGER EQUIPMENT,EV-EQUIP,static
2026-06-18,E-STAMP,G-ANNO-STAMP,static
2026-06-18,E-NOTES,G-ANNO-TEXT,static
2026-06-18,SOLAR PV-RACKING,PV-RACK,static
2026-06-18,C-PARKING LINES,S-SITE,static
2026-06-18,A-FIRE SETBACK,A-SETB,static
2026-06-18,A-BUILDING OUTLINE SECONDARY,A-BLDG,static
2026-06-18,C-PARCEL LINE - PROPERTY LINE,A-PROP,static
2026-06-18,SOLAR PV-STRINGING,E-STRINGS,static
2026-06-18,EV-EV CHARGER  L2,EV-EQUIP,static
2026-06-18,EV-EV CHARGER  L3,EV-EQUIP,static
2026-06-18,S-FOUNDATION,S-PAD,static
2026-06-18,S-ROOF RAFTER 3,S-ROOF,static
2026-06-18,S-DETAILS,S-DETL,static
2026-06-18,S-ROOF RAFTER 2,S-ROOF,static
2026-06-18,A-DIMENSIONS,G-ANNO-DIMS,static
2026-06-18,S-ROOF RAFTER 1,S-ROOF,static
2026-06-18,A-GROUND,S-SITE,static
2026-06-18,E_Module,PV-MODS,static
2026-06-18,E-PV-DIMENSIONS,G-ANNO-DIMS,static
2026-06-18,TEXT,G-ANNO-TEXT,static
2026-06-18,Dim,G-ANNO-DIMS,static
2026-06-18,E_Unistrut,S-DETL,static
2026-06-18,E_LEGEND,G-ANNO-LGND,static
2026-06-18,E-STRING-LABELS,E-STRINGS,static
2026-06-18,E-ANNO-DIMENSIONS,G-ANNO-DIMS,static
2026-06-18,G-ANNO-VIEWPORT,G-VPORT,static
2026-06-18,G-ANNO-DEFPOINTS,Defpoints,static
2026-06-18,A-BLD OUTLINE,A-BLDG,static
2026-06-18,A-PVMT-MRKG,S-SITE,static
2026-06-18,E-PV-EQUIPMENT NEW,E-EQUIP,static
2026-06-18,E-PV-EQUIPMENT EXISTING,E-EQUIP,static
2026-06-18,A-DOOR,A-BLDG,static
2026-06-18,A-STREET,S-SITE,static
2026-06-18,E-PV-STAMP,G-ANNO-STAMP,static
2026-06-18,1,0,static
2026-06-18,E-PV-SINGLE LINE DIAGRAM,E-SLD,static
2026-06-18,E-SINGLE LINE,E-SLD,static
2026-06-18,E_Single Line,E-SLD,static
2026-06-18,E-PV-SINGLE LINE,E-SLD,static
2026-06-18,E-PV-WORKING CLEARANCE,E-CLEARANCE,static
2026-06-18,unistrut,S-DETL,static
2026-06-18,G_VIEWPORT,G-VPORT,static
2026-06-18,E-ANNO-TEXT,G-ANNO-TEXT,static
2026-06-18,A_TEXT,G-ANNO-TEXT,static
2026-06-18,A_Property Line,A-PROP,static
2026-06-18,A_street axis,S-SITE,static
2026-06-18,A_Building,A-BLDG,static
2026-06-18,A_Bld Outline,A-BLDG,static
2026-06-18,A_Obstructions,A-ROOF-EQUIP,static
2026-06-18,A_Wall,A-WALL,static
2026-06-18,A_Door,A-BLDG,static
2026-06-18,Fence,S-SITE,static
2026-06-18,A_Roof lines,A-ROOF,static
2026-06-18,V-PVMT-ROAD,S-SITE,static
2026-06-18,V-PVMT-MRKG,S-SITE,static
2026-06-18,S_Canopy border,S-CARPORT,static
2026-06-18,E_Equipment Existing,E-EQUIP,static
2026-06-18,S-BEAMS,S-CARPORT,static
2026-06-18,E-EQUIPMENT-N,E-EQUIP,static
2026-06-18,E-PV-CLEARANCE,E-CLEARANCE,static
2026-06-18,S_Columns,S-CARPORT,static
2026-06-18,S_Structure Metal,S-CARPORT,static
2026-06-18,E-PV-EQUIPMENT,E-EQUIP,static
2026-06-18,Text Simplex,G-ANNO-TEXT,static
2026-06-18,Viewport,G-VPORT,static
2026-06-18,E_Dimensions,G-ANNO-DIMS,static
2026-06-18,A_Dimensions,G-ANNO-DIMS,static
2026-06-18,G_Text New,G-ANNO-TEXT,static
2026-06-18,A-PROPERTY LINE,A-PROP,static
2026-06-18,S-ANNO-TEXT,G-ANNO-TEXT,static
2026-06-18,A_Fire access,A-FIRE,static
2026-06-18,E-EQUIPMENT NEW,E-EQUIP,static
2026-06-18,E-WORKING CLEARANCE,E-CLEARANCE,static
2026-06-18,E_Clearance,E-CLEARANCE,static
2026-06-18,TEXT WHITE,G-ANNO-TEXT,static
2026-06-18,G_LAYOUT_TEXT,G-ANNO-STAMP,static
2026-06-18,L-PROP-LINE,A-PROP,static
2026-06-18,6,0,static
2026-06-18,8,0,static
2026-06-18,E-PV-DETAILS,E-DETL,static
2026-06-18,E_Details,E-DETL,static
2026-06-18,G_Text,G-ANNO-TEXT,static
2026-06-18,A-BUILDING,A-BLDG,static
2026-06-18,E_Text,G-ANNO-TEXT,static
2026-06-18,S_Details,S-DETL,static
2026-06-18,S_(E) Purilins SEC,S-ROOF,static
2026-06-18,S_Mount,PV-RACK,static
2026-06-18,E-PV-COLUMNS CARPORT,S-CARPORT,static
2026-06-18,S-COLS,S-CARPORT,static
2026-06-18,E-PV-MODULE,PV-MODS,static
2026-06-18,G_Defpoints,Defpoints,static
2026-06-18,S_Rail,PV-RACK,static
2026-06-18,IR_MOD,PV-MODS,static
2026-06-18,G_White,Purge,static
2026-06-18,PDF_S-CONN,S-DETL,static
2026-06-18,PDF_S-TS,S-DETL,static
2026-06-18,PDF_S-HAT,G-HATCH,static
2026-06-18,PDF_S-DIM,G-ANNO-DIMS,static
2026-06-18,PDF_S-LGS,S-DETL,static
2026-06-18,PDF_S-STL,S-DETL,static
2026-06-18,PDF_S-EX,S-DETL,static
2026-06-18,E_Equiment New,E-EQUIP,static
2026-06-18,E_Equipment New,E-EQUIP,static
2026-06-18,structure,S-CARPORT,static
2026-06-18,Hatch,G-HATCH,static
2026-06-18,Bld Outline,A-BLDG,static
2026-06-18,S-BEAM,S-CARPORT,static
2026-06-18,S-BEAM-HDLN,S-CARPORT,static
2026-06-18,E-PV MODULES,PV-MODS,static
2026-06-18,E_Conduit run,E-CONDUIT,static
2026-06-18,E_Stringing,E-STRINGS,static
2026-06-18,G_Drawing Line,Purge,static
2026-06-18,9,E-SLD,static
2026-06-18,A_Symbols,G-ANNO-TEXT,static
2026-06-18,Truss,S-CARPORT,static
2026-06-18,racking,PV-RACK,static
2026-06-18,PROPERTY_LINES,A-PROP,static
2026-06-18,OBSTRUCTIONS,S-SITE,static
2026-06-18,SETBACKS,A-SETB,static
2026-06-18,MODULES,PV-MODS,static
2026-06-18,BUILDINGS,A-BLDG,static
2026-06-18,IMG,G-REFS,static
2026-06-18,ARRAY LABEL,G-ANNO-TEXT,static
2026-06-18,PDF2_Geometry,S-CARPORT,static
2026-06-18,PDF2_Solid Fills,G-HATCH,static
2026-06-18,PDF2_Text,G-ANNO-TEXT,static
2026-06-18,PDF3_Layer 1_5,S-CARPORT,static
2026-06-18,PDF4_Geometry,PV-RACK,static
2026-06-18,PDF4_Solid Fills,S-CARPORT,static
2026-06-18,A-SIDE ROADS,S-SITE,static
2026-06-18,E-PV-COND,E-CONDUIT-AC,static
2026-06-18,SOLAR PV-NOTES,G-ANNO-TEXT,static
2026-06-18,S-ROOF FRAMING (E),S-ROOF,static
2026-06-18,C-CURB-GUTTER-WIDEWALK,S-SITE,static
2026-06-18,E-DETAILS,E-DETL,static
2026-06-18,E-CARPORT,S-CARPORT,static
2026-06-18,E-EQUIPMENT,E-EQUIP,static
2026-06-18,E-CONDUIT RUN,E-CONDUIT,static
2026-06-18,A-BUILDING OUTLINE (E),A-BLDG,static
2026-06-18,E-UNDERGROUND CONDUIT,E-CONDUIT-AC,static
2026-06-18,G-VIEWPORT,G-VPORT,static
2026-06-18,A-ROOF OBSTRUCTIONS,A-ROOF-EQUIP,static
2026-06-18,C-PLANTER,S-SITE,static
2026-06-18,E-REV,G-ANNO-REVS,static
2026-06-18,A-BUILDING OUTLINE (N),A-BLDG,static
2026-06-18,E-DIMENSIONS,G-ANNO-DIMS,static
2026-06-18,S-COLUMN,S-CARPORT,static
2026-06-18,SOLAR PV-MODULES LAYOUT,PV-MODS,static
2026-06-18,EV-EV CHARGER EQUIPMENT,EV-EQUIP,static
2026-06-18,E-STAMP,G-ANNO-STAMP,static
2026-06-18,E-NOTES,G-ANNO-TEXT,static
2026-06-18,SOLAR PV-RACKING,PV-RACK,static
2026-06-18,C-PARKING LINES,S-SITE,static
2026-06-18,A-FIRE SETBACK,A-SETB,static
2026-06-18,A-BUILDING OUTLINE SECONDARY,A-BLDG,static
2026-06-18,C-PARCEL LINE - PROPERTY LINE,A-PROP,static
2026-06-18,SOLAR PV-STRINGING,E-STRINGS,static
2026-06-18,EV-EV CHARGER  L2,EV-EQUIP,static
2026-06-18,EV-EV CHARGER  L3,EV-EQUIP,static
2026-06-18,S-FOUNDATION,S-PAD,static
2026-06-18,S-ROOF RAFTER 3,S-ROOF,static
2026-06-18,S-DETAILS,S-DETL,static
2026-06-18,S-ROOF RAFTER 2,S-ROOF,static
2026-06-18,A-DIMENSIONS,G-ANNO-DIMS,static
2026-06-18,S-ROOF RAFTER 1,S-ROOF,static
2026-06-18,A-GROUND,S-SITE,static
2026-06-18,E_Module,PV-MODS,static
2026-06-18,E-PV-DIMENSIONS,G-ANNO-DIMS,static
2026-06-18,TEXT,G-ANNO-TEXT,static
2026-06-18,Dim,G-ANNO-DIMS,static
2026-06-18,E_Unistrut,S-DETL,static
2026-06-18,E_LEGEND,G-ANNO-LGND,static
2026-06-18,E-STRING-LABELS,E-STRINGS,static
2026-06-18,E-ANNO-DIMENSIONS,G-ANNO-DIMS,static
2026-06-18,G-ANNO-VIEWPORT,G-VPORT,static
2026-06-18,G-ANNO-DEFPOINTS,Defpoints,static
2026-06-18,A-BLD OUTLINE,A-BLDG,static
2026-06-18,A-PVMT-MRKG,S-SITE,static
2026-06-18,E-PV-EQUIPMENT NEW,E-EQUIP,static
2026-06-18,E-PV-EQUIPMENT EXISTING,E-EQUIP,static
2026-06-18,A-DOOR,A-BLDG,static
2026-06-18,A-STREET,S-SITE,static
2026-06-18,E-PV-STAMP,G-ANNO-STAMP,static
2026-06-18,1,0,static
2026-06-18,E-PV-SINGLE LINE DIAGRAM,E-SLD,static
2026-06-18,E-SINGLE LINE,E-SLD,static
2026-06-18,E_Single Line,E-SLD,static
2026-06-18,E-PV-SINGLE LINE,E-SLD,static
2026-06-18,E-PV-WORKING CLEARANCE,E-CLEARANCE,static
2026-06-18,unistrut,S-DETL,static
2026-06-18,G_VIEWPORT,G-VPORT,static
2026-06-18,E-ANNO-TEXT,G-ANNO-TEXT,static
2026-06-18,A_TEXT,G-ANNO-TEXT,static
2026-06-18,A_Property Line,A-PROP,static
2026-06-18,A_street axis,S-SITE,static
2026-06-18,A_Building,A-BLDG,static
2026-06-18,A_Bld Outline,A-BLDG,static
2026-06-18,A_Obstructions,A-ROOF-EQUIP,static
2026-06-18,A_Wall,A-WALL,static
2026-06-18,A_Door,A-BLDG,static
2026-06-18,Fence,S-SITE,static
2026-06-18,A_Roof lines,A-ROOF,static
2026-06-18,V-PVMT-ROAD,S-SITE,static
2026-06-18,V-PVMT-MRKG,S-SITE,static
2026-06-18,S_Canopy border,S-CARPORT,static
2026-06-18,E_Equipment Existing,E-EQUIP,static
2026-06-18,S-BEAMS,S-CARPORT,static
2026-06-18,E-EQUIPMENT-N,E-EQUIP,static
2026-06-18,E-PV-CLEARANCE,E-CLEARANCE,static
2026-06-18,S_Columns,S-CARPORT,static
2026-06-18,S_Structure Metal,S-CARPORT,static
2026-06-18,E-PV-EQUIPMENT,E-EQUIP,static
2026-06-18,Text Simplex,G-ANNO-TEXT,static
2026-06-18,Viewport,G-VPORT,static
2026-06-18,E_Dimensions,G-ANNO-DIMS,static
2026-06-18,A_Dimensions,G-ANNO-DIMS,static
2026-06-18,G_Text New,G-ANNO-TEXT,static
2026-06-18,A-PROPERTY LINE,A-PROP,static
2026-06-18,S-ANNO-TEXT,G-ANNO-TEXT,static
2026-06-18,A_Fire access,A-FIRE,static
2026-06-18,E-EQUIPMENT NEW,E-EQUIP,static
2026-06-18,E-WORKING CLEARANCE,E-CLEARANCE,static
2026-06-18,E_Clearance,E-CLEARANCE,static
2026-06-18,TEXT WHITE,G-ANNO-TEXT,static
2026-06-18,G_LAYOUT_TEXT,G-ANNO-STAMP,static
2026-06-18,L-PROP-LINE,A-PROP,static
2026-06-18,6,0,static
2026-06-18,8,0,static
2026-06-18,E-PV-DETAILS,E-DETL,static
2026-06-18,E_Details,E-DETL,static
2026-06-18,G_Text,G-ANNO-TEXT,static
2026-06-18,A-BUILDING,A-BLDG,static
2026-06-18,E_Text,G-ANNO-TEXT,static
2026-06-18,S_Details,S-DETL,static
2026-06-18,S_(E) Purilins SEC,S-ROOF,static
2026-06-18,S_Mount,PV-RACK,static
2026-06-18,E-PV-COLUMNS CARPORT,S-CARPORT,static
2026-06-18,S-COLS,S-CARPORT,static
2026-06-18,E-PV-MODULE,PV-MODS,static
2026-06-18,G_Defpoints,Defpoints,static
2026-06-18,S_Rail,PV-RACK,static
2026-06-18,IR_MOD,PV-MODS,static
2026-06-18,G_White,Purge,static
2026-06-18,PDF_S-CONN,S-DETL,static
2026-06-18,PDF_S-TS,S-DETL,static
2026-06-18,PDF_S-HAT,G-HATCH,static
2026-06-18,PDF_S-DIM,G-ANNO-DIMS,static
2026-06-18,PDF_S-LGS,S-DETL,static
2026-06-18,PDF_S-STL,S-DETL,static
2026-06-18,PDF_S-EX,S-DETL,static
2026-06-18,E_Equiment New,E-EQUIP,static
2026-06-18,E_Equipment New,E-EQUIP,static
2026-06-18,structure,S-CARPORT,static
2026-06-18,Hatch,G-HATCH,static
2026-06-18,Bld Outline,A-BLDG,static
2026-06-18,S-BEAM,S-CARPORT,static
2026-06-18,S-BEAM-HDLN,S-CARPORT,static
2026-06-18,E-PV MODULES,PV-MODS,static
2026-06-18,E_Conduit run,E-CONDUIT,static
2026-06-18,E_Stringing,E-STRINGS,static
2026-06-18,G_Drawing Line,Purge,static
2026-06-18,9,E-SLD,static
2026-06-18,A_Symbols,G-ANNO-TEXT,static
2026-06-18,Truss,S-CARPORT,static
2026-06-18,racking,PV-RACK,static
2026-06-18,PROPERTY_LINES,A-PROP,static
2026-06-18,OBSTRUCTIONS,A-ROOF-EQUIP,static
2026-06-18,SETBACKS,A-SETB,static
2026-06-18,MODULES,PV-MODS,static
2026-06-18,BUILDINGS,A-BLDG,static
2026-06-18,IMG,G-REFS,static
2026-06-18,ARRAY LABEL,G-ANNO-TEXT,static
2026-06-18,PDF2_Geometry,S-CARPORT,static
2026-06-18,PDF2_Solid Fills,G-HATCH,static
2026-06-18,PDF2_Text,G-ANNO-TEXT,static
2026-06-18,PDF3_Layer 1_5,S-CARPORT,static
2026-06-18,PDF4_Geometry,PV-RACK,static
2026-06-18,PDF4_Solid Fills,S-CARPORT,static
2026-06-18,A-SIDE ROADS,S-SITE,static
2026-06-18,E-PV-COND,E-CONDUIT-AC,static
2026-06-18,E-STRING,E-STRINGS,static
2026-06-18,E-ANNO-TEXT,G-ANNO-TEXT,static
2026-06-18,A-WALL,S-SITE,static
2026-06-18,G-ANNO-LABELS,G-LABELS,static
2026-06-18,SOLAR PV-NOTES,G-ANNO-TEXT,static
2026-06-18,S-ROOF FRAMING (E),S-ROOF,static
2026-06-18,C-CURB-GUTTER-WIDEWALK,S-SITE,static
2026-06-18,E-DETAILS,E-DETL,static
2026-06-18,E-CARPORT,S-CARPORT,static
2026-06-18,E-EQUIPMENT,E-EQUIP,static
2026-06-18,E-CONDUIT RUN,E-CONDUIT,static
2026-06-18,A-BUILDING OUTLINE (E),A-BLDG,static
2026-06-18,E-UNDERGROUND CONDUIT,E-CONDUIT-AC,static
2026-06-18,G-VIEWPORT,G-VPORT,static
2026-06-18,A-ROOF OBSTRUCTIONS,A-ROOF-EQUIP,static
2026-06-18,C-PLANTER,S-SITE,static
2026-06-18,E-REV,G-ANNO-REVS,static
2026-06-18,A-BUILDING OUTLINE (N),A-BLDG,static
2026-06-18,E-DIMENSIONS,G-ANNO-DIMS,static
2026-06-18,S-COLUMN,S-CARPORT,static
2026-06-18,SOLAR PV-MODULES LAYOUT,PV-MODS,static
2026-06-18,EV-EV CHARGER EQUIPMENT,EV-EQUIP,static
2026-06-18,E-STAMP,G-ANNO-STAMP,static
2026-06-18,E-NOTES,G-ANNO-TEXT,static
2026-06-18,SOLAR PV-RACKING,PV-RACK,static
2026-06-18,C-PARKING LINES,S-SITE,static
2026-06-18,A-FIRE SETBACK,A-SETB,static
2026-06-18,A-BUILDING OUTLINE SECONDARY,A-BLDG,static
2026-06-18,C-PARCEL LINE - PROPERTY LINE,A-PROP,static
2026-06-18,SOLAR PV-STRINGING,E-STRINGS,static
2026-06-18,EV-EV CHARGER  L2,EV-EQUIP,static
2026-06-18,EV-EV CHARGER  L3,EV-EQUIP,static
2026-06-18,S-FOUNDATION,S-PAD,static
2026-06-18,S-ROOF RAFTER 3,S-ROOF,static
2026-06-18,S-DETAILS,S-DETL,static
2026-06-18,S-ROOF RAFTER 2,S-ROOF,static
2026-06-18,A-DIMENSIONS,G-ANNO-DIMS,static
2026-06-18,S-ROOF RAFTER 1,S-ROOF,static
2026-06-18,A-GROUND,S-SITE,static
2026-06-18,E_Module,PV-MODS,static
2026-06-18,E-PV-DIMENSIONS,G-ANNO-DIMS,static
2026-06-18,TEXT,G-ANNO-TEXT,static
2026-06-18,Dim,G-ANNO-DIMS,static
2026-06-18,E_Unistrut,S-DETL,static
2026-06-18,E_LEGEND,G-ANNO-LGND,static
2026-06-18,E-STRING-LABELS,E-STRINGS,static
2026-06-18,E-ANNO-DIMENSIONS,G-ANNO-DIMS,static
2026-06-18,G-ANNO-VIEWPORT,G-VPORT,static
2026-06-18,G-ANNO-DEFPOINTS,Defpoints,static
2026-06-18,A-BLD OUTLINE,A-BLDG,static
2026-06-18,A-PVMT-MRKG,S-SITE,static
2026-06-18,E-PV-EQUIPMENT NEW,E-EQUIP,static
2026-06-18,E-PV-EQUIPMENT EXISTING,E-EQUIP,static
2026-06-18,A-DOOR,A-BLDG,static
2026-06-18,A-STREET,S-SITE,static
2026-06-18,E-PV-STAMP,G-ANNO-STAMP,static
2026-06-18,1,0,static
2026-06-18,E-PV-SINGLE LINE DIAGRAM,E-SLD,static
2026-06-18,E-SINGLE LINE,E-SLD,static
2026-06-18,E_Single Line,E-SLD,static
2026-06-18,E-PV-SINGLE LINE,E-SLD,static
2026-06-18,E-PV-WORKING CLEARANCE,E-CLEARANCE,static
2026-06-18,unistrut,S-DETL,static
2026-06-18,G_VIEWPORT,G-VPORT,static
2026-06-18,E-ANNO-TEXT,G-ANNO-TEXT,static
2026-06-18,A_TEXT,G-ANNO-TEXT,static
2026-06-18,A_Property Line,A-PROP,static
2026-06-18,A_street axis,S-SITE,static
2026-06-18,A_Building,A-BLDG,static
2026-06-18,A_Bld Outline,A-BLDG,static
2026-06-18,A_Obstructions,A-ROOF-EQUIP,static
2026-06-18,A_Wall,A-WALL,static
2026-06-18,A_Door,A-BLDG,static
2026-06-18,Fence,S-SITE,static
2026-06-18,A_Roof lines,A-ROOF,static
2026-06-18,V-PVMT-ROAD,S-SITE,static
2026-06-18,V-PVMT-MRKG,S-SITE,static
2026-06-18,S_Canopy border,S-CARPORT,static
2026-06-18,E_Equipment Existing,E-EQUIP,static
2026-06-18,S-BEAMS,S-CARPORT,static
2026-06-18,E-EQUIPMENT-N,E-EQUIP,static
2026-06-18,E-PV-CLEARANCE,E-CLEARANCE,static
2026-06-18,S_Columns,S-CARPORT,static
2026-06-18,S_Structure Metal,S-CARPORT,static
2026-06-18,E-PV-EQUIPMENT,E-EQUIP,static
2026-06-18,Text Simplex,G-ANNO-TEXT,static
2026-06-18,Viewport,G-VPORT,static
2026-06-18,E_Dimensions,G-ANNO-DIMS,static
2026-06-18,A_Dimensions,G-ANNO-DIMS,static
2026-06-18,G_Text New,G-ANNO-TEXT,static
2026-06-18,A-PROPERTY LINE,A-PROP,static
2026-06-18,S-ANNO-TEXT,G-ANNO-TEXT,static
2026-06-18,A_Fire access,A-FIRE,static
2026-06-18,E-EQUIPMENT NEW,E-EQUIP,static
2026-06-18,E-WORKING CLEARANCE,E-CLEARANCE,static
2026-06-18,E_Clearance,E-CLEARANCE,static
2026-06-18,TEXT WHITE,G-ANNO-TEXT,static
2026-06-18,G_LAYOUT_TEXT,G-ANNO-STAMP,static
2026-06-18,L-PROP-LINE,A-PROP,static
2026-06-18,6,0,static
2026-06-18,8,0,static
2026-06-18,E-PV-DETAILS,E-DETL,static
2026-06-18,E_Details,E-DETL,static
2026-06-18,G_Text,G-ANNO-TEXT,static
2026-06-18,A-BUILDING,A-BLDG,static
2026-06-18,E_Text,G-ANNO-TEXT,static
2026-06-18,S_Details,S-DETL,static
2026-06-18,S_(E) Purilins SEC,S-ROOF,static
2026-06-18,S_Mount,PV-RACK,static
2026-06-18,E-PV-COLUMNS CARPORT,S-CARPORT,static
2026-06-18,S-COLS,S-CARPORT,static
2026-06-18,E-PV-MODULE,PV-MODS,static
2026-06-18,G_Defpoints,Defpoints,static
2026-06-18,S_Rail,PV-RACK,static
2026-06-18,IR_MOD,PV-MODS,static
2026-06-18,G_White,Purge,static
2026-06-18,PDF_S-CONN,S-DETL,static
2026-06-18,PDF_S-TS,S-DETL,static
2026-06-18,PDF_S-HAT,G-HATCH,static
2026-06-18,PDF_S-DIM,G-ANNO-DIMS,static
2026-06-18,PDF_S-LGS,S-DETL,static
2026-06-18,PDF_S-STL,S-DETL,static
2026-06-18,PDF_S-EX,S-DETL,static
2026-06-18,E_Equiment New,E-EQUIP,static
2026-06-18,E_Equipment New,E-EQUIP,static
2026-06-18,structure,S-CARPORT,static
2026-06-18,Hatch,G-HATCH,static
2026-06-18,Bld Outline,A-BLDG,static
2026-06-18,S-BEAM,S-CARPORT,static
2026-06-18,S-BEAM-HDLN,S-CARPORT,static
2026-06-18,E-PV MODULES,PV-MODS,static
2026-06-18,E_Conduit run,E-CONDUIT,static
2026-06-18,E_Stringing,E-STRINGS,static
2026-06-18,G_Drawing Line,Purge,static
2026-06-18,9,E-SLD,static
2026-06-18,A_Symbols,G-ANNO-TEXT,static
2026-06-18,Truss,S-CARPORT,static
2026-06-18,racking,PV-RACK,static
2026-06-18,PROPERTY_LINES,A-PROP,static
2026-06-18,OBSTRUCTIONS,A-ROOF-EQUIP,static
2026-06-18,SETBACKS,A-SETB,static
2026-06-18,MODULES,PV-MODS,static
2026-06-18,BUILDINGS,A-BLDG,static
2026-06-18,IMG,G-REFS,static
2026-06-18,ARRAY LABEL,G-ARRAY-NUMS,static
2026-06-18,PDF2_Geometry,S-CARPORT,static
2026-06-18,PDF2_Solid Fills,G-HATCH,static
2026-06-18,PDF2_Text,G-ANNO-TEXT,static
2026-06-18,PDF3_Layer 1_5,S-CARPORT,static
2026-06-18,PDF4_Geometry,PV-RACK,static
2026-06-18,PDF4_Solid Fills,S-CARPORT,static
2026-06-18,A-SIDE ROADS,S-SITE,static
2026-06-18,E-PV-COND,E-CONDUIT-AC,static
2026-06-18,9,E-SLD,static
2026-06-18,E-CONDUIT,E-CONDUIT-AC,static
2026-06-18,A-WALL,S-SITE,static
2026-06-18,E-STRINGING,E-STRINGS,static
2026-06-18,G_Text,G-ANNO-TEXT,static
2026-06-18,S-ROOF FRAMING (E),S-ROOF,static
2026-06-18,E-ANNO-TEXT,G-ANNO-TEXT,static
2026-06-18,E-EQUIPMENT,E-EQUIP,static
2026-06-18,PDF2_Geometry,S-CARPORT,static
2026-06-18,PDF2_Solid Fills,G-HATCH,static
2026-06-18,PDF2_Text,G-ANNO-TEXT,static
2026-06-18,Visible (ANSI),PV-RACK,hard
2026-06-18,Layer1,PV-RACK,hard
2026-06-18,Dimension (ANSI),G-ANNO-DIMS,hard
2026-06-18,Visible Narrow (ANSI),PV-RACK,hard
2026-06-18,Hatch (ANSI),G-HATCH,hard
2026-06-18,Sketch Geometry (ANSI),PV-RACK,hard
2026-06-18,Symbol (ANSI),PV-RACK,hard
2026-06-18,Layer2,PV-RACK,soft
